num_samples,num_valid_samples,num_unknown_pred,accuracy,macro_f1,unsafe_recall,safe_false_positive_rate,safe_to_unsafe_fpr,controversial_f1,mean_latency_s,median_latency_s,p90_latency_s,p95_latency_s,mean_input_tokens,median_input_tokens,p95_input_tokens,max_input_tokens,mean_total_tokens,median_total_tokens,p95_total_tokens,max_total_tokens
2019,2019,0,0.7582961862308073,0.6329939614019099,0.7480237154150198,0.04533333333333334,0.013333333333333334,0.2401656314699793,0.7334596953691971,0.7040472030639648,0.9490818023681641,1.0225416421890259,544.7221396731055,530.0,739.0,1022,554.5076770678554,540.0,749.0,1031
