label,precision,recall,f1,support
Safe,0.7576719576719577,0.9546666666666667,0.8448377581120944,750
Controversial,0.25663716814159293,0.22568093385214008,0.2401656314699793,257
Unsafe,0.8926886792452831,0.7480237154150198,0.8139784946236559,1012
