combo_id,total,errors,error_rate,error_pct
CT01,73,35,0.4794520547945205,47.95
PI18,64,11,0.171875,17.19
PI17,67,8,0.11940298507462686,11.94
BN01,150,0,0.0,0.0
PI08,69,0,0.0,0.0
