combo_id,unsafe_recall
PI18,0.828125
PI17,0.8805970149253731
PI08,1.0
